{"cameraMode":{"drawMode":0,"name":"Shaded","section":"Shading Mode"},"sceneLighting":true,"audioPlay":false,"sceneViewState":{"showFog":true,"showMaterialUpdate":false,"showSkybox":false,"showFlares":true,"showImageEffects":true,"showParticleSystems":true},"in2DMode":false,"pivot":{"x":5.77500057220459,"y":1.2750015258789063,"z":-12.0},"rotation":{"x":0.38120031356811526,"y":-0.43875908851623537,"z":0.21295815706253053,"w":0.7853825092315674},"size":200.05186462402345,"orthographic":false}