{"cameraMode":{"drawMode":0,"name":"Shaded","section":"Shading Mode"},"sceneLighting":true,"audioPlay":false,"sceneViewState":{"showFog":true,"showMaterialUpdate":false,"showSkybox":true,"showFlares":true,"showImageEffects":true,"showParticleSystems":true},"in2DMode":false,"pivot":{"x":-9.35172176361084,"y":4.519246578216553,"z":-9.542285919189454},"rotation":{"x":-0.0011879631783813239,"y":0.7844884991645813,"z":-0.001495061325840652,"w":-0.6201404929161072},"size":18.02596664428711,"orthographic":false}